project_id,admin_code,sector,name,budget_inr_lakh,status,source,synthetic
PP-IN-MH-AHMEDNAGAR-water,IN-MH-AHMEDNAGAR,water,"Water works, Ahmednagar (synthetic)",1188,delayed,SYNTHETIC placeholder - replace with state budget / PM Gati Shakti extracts,true
PP-IN-MH-AKOLA-water,IN-MH-AKOLA,water,"Water works, Akola (synthetic)",1473,delayed,SYNTHETIC placeholder - replace with state budget / PM Gati Shakti extracts,true
PP-IN-MH-AKOLA-health,IN-MH-AKOLA,health,"Health works, Akola (synthetic)",372,delayed,SYNTHETIC placeholder - replace with state budget / PM Gati Shakti extracts,true
PP-IN-MH-AKOLA-education,IN-MH-AKOLA,education,"Education works, Akola (synthetic)",626,delayed,SYNTHETIC placeholder - replace with state budget / PM Gati Shakti extracts,true
PP-IN-MH-AMRAVATI-sanitation,IN-MH-AMRAVATI,sanitation,"Sanitation works, Amravati (synthetic)",1325,funded,SYNTHETIC placeholder - replace with state budget / PM Gati Shakti extracts,true
PP-IN-MH-AMRAVATI-health,IN-MH-AMRAVATI,health,"Health works, Amravati (synthetic)",1952,delayed,SYNTHETIC placeholder - replace with state budget / PM Gati Shakti extracts,true
PP-IN-MH-AMRAVATI-waste,IN-MH-AMRAVATI,waste,"Waste works, Amravati (synthetic)",360,delayed,SYNTHETIC placeholder - replace with state budget / PM Gati Shakti extracts,true
PP-IN-MH-AURANGABAD-roads,IN-MH-AURANGABAD,roads,"Roads works, Aurangabad (synthetic)",339,funded,SYNTHETIC placeholder - replace with state budget / PM Gati Shakti extracts,true
PP-IN-MH-AURANGABAD-health,IN-MH-AURANGABAD,health,"Health works, Aurangabad (synthetic)",1483,funded,SYNTHETIC placeholder - replace with state budget / PM Gati Shakti extracts,true
PP-IN-MH-BEED-sanitation,IN-MH-BEED,sanitation,"Sanitation works, Beed (synthetic)",1314,funded,SYNTHETIC placeholder - replace with state budget / PM Gati Shakti extracts,true
PP-IN-MH-BEED-education,IN-MH-BEED,education,"Education works, Beed (synthetic)",801,funded,SYNTHETIC placeholder - replace with state budget / PM Gati Shakti extracts,true
PP-IN-MH-BEED-waste,IN-MH-BEED,waste,"Waste works, Beed (synthetic)",1071,delayed,SYNTHETIC placeholder - replace with state budget / PM Gati Shakti extracts,true
PP-IN-MH-BHANDARA-water,IN-MH-BHANDARA,water,"Water works, Bhandara (synthetic)",538,delayed,SYNTHETIC placeholder - replace with state budget / PM Gati Shakti extracts,true
PP-IN-MH-BHANDARA-sanitation,IN-MH-BHANDARA,sanitation,"Sanitation works, Bhandara (synthetic)",441,funded,SYNTHETIC placeholder - replace with state budget / PM Gati Shakti extracts,true
PP-IN-MH-BHANDARA-roads,IN-MH-BHANDARA,roads,"Roads works, Bhandara (synthetic)",1582,funded,SYNTHETIC placeholder - replace with state budget / PM Gati Shakti extracts,true
PP-IN-MH-BHANDARA-electricity,IN-MH-BHANDARA,electricity,"Electricity works, Bhandara (synthetic)",904,funded,SYNTHETIC placeholder - replace with state budget / PM Gati Shakti extracts,true
PP-IN-MH-BHANDARA-waste,IN-MH-BHANDARA,waste,"Waste works, Bhandara (synthetic)",1046,funded,SYNTHETIC placeholder - replace with state budget / PM Gati Shakti extracts,true
PP-IN-MH-BULDHANA-sanitation,IN-MH-BULDHANA,sanitation,"Sanitation works, Buldhana (synthetic)",365,funded,SYNTHETIC placeholder - replace with state budget / PM Gati Shakti extracts,true
PP-IN-MH-BULDHANA-waste,IN-MH-BULDHANA,waste,"Waste works, Buldhana (synthetic)",1464,funded,SYNTHETIC placeholder - replace with state budget / PM Gati Shakti extracts,true
PP-IN-MH-CHANDRAPUR-water,IN-MH-CHANDRAPUR,water,"Water works, Chandrapur (synthetic)",435,delayed,SYNTHETIC placeholder - replace with state budget / PM Gati Shakti extracts,true
PP-IN-MH-CHANDRAPUR-roads,IN-MH-CHANDRAPUR,roads,"Roads works, Chandrapur (synthetic)",898,funded,SYNTHETIC placeholder - replace with state budget / PM Gati Shakti extracts,true
PP-IN-MH-CHANDRAPUR-education,IN-MH-CHANDRAPUR,education,"Education works, Chandrapur (synthetic)",877,funded,SYNTHETIC placeholder - replace with state budget / PM Gati Shakti extracts,true
PP-IN-MH-DHULE-roads,IN-MH-DHULE,roads,"Roads works, Dhule (synthetic)",545,funded,SYNTHETIC placeholder - replace with state budget / PM Gati Shakti extracts,true
PP-IN-MH-GADCHIROLI-sanitation,IN-MH-GADCHIROLI,sanitation,"Sanitation works, Gadchiroli (synthetic)",253,funded,SYNTHETIC placeholder - replace with state budget / PM Gati Shakti extracts,true
PP-IN-MH-GADCHIROLI-electricity,IN-MH-GADCHIROLI,electricity,"Electricity works, Gadchiroli (synthetic)",676,delayed,SYNTHETIC placeholder - replace with state budget / PM Gati Shakti extracts,true
PP-IN-MH-GADCHIROLI-waste,IN-MH-GADCHIROLI,waste,"Waste works, Gadchiroli (synthetic)",386,funded,SYNTHETIC placeholder - replace with state budget / PM Gati Shakti extracts,true
PP-IN-MH-GONDIA-sanitation,IN-MH-GONDIA,sanitation,"Sanitation works, Gondia (synthetic)",1164,delayed,SYNTHETIC placeholder - replace with state budget / PM Gati Shakti extracts,true
PP-IN-MH-GONDIA-health,IN-MH-GONDIA,health,"Health works, Gondia (synthetic)",858,funded,SYNTHETIC placeholder - replace with state budget / PM Gati Shakti extracts,true
PP-IN-MH-HINGOLI-electricity,IN-MH-HINGOLI,electricity,"Electricity works, Hingoli (synthetic)",559,funded,SYNTHETIC placeholder - replace with state budget / PM Gati Shakti extracts,true
PP-IN-MH-JALGAON-roads,IN-MH-JALGAON,roads,"Roads works, Jalgaon (synthetic)",1542,funded,SYNTHETIC placeholder - replace with state budget / PM Gati Shakti extracts,true
PP-IN-MH-JALGAON-electricity,IN-MH-JALGAON,electricity,"Electricity works, Jalgaon (synthetic)",278,funded,SYNTHETIC placeholder - replace with state budget / PM Gati Shakti extracts,true
PP-IN-MH-JALNA-sanitation,IN-MH-JALNA,sanitation,"Sanitation works, Jalna (synthetic)",1051,funded,SYNTHETIC placeholder - replace with state budget / PM Gati Shakti extracts,true
PP-IN-MH-JALNA-roads,IN-MH-JALNA,roads,"Roads works, Jalna (synthetic)",438,funded,SYNTHETIC placeholder - replace with state budget / PM Gati Shakti extracts,true
PP-IN-MH-JALNA-electricity,IN-MH-JALNA,electricity,"Electricity works, Jalna (synthetic)",785,funded,SYNTHETIC placeholder - replace with state budget / PM Gati Shakti extracts,true
PP-IN-MH-KOLHAPUR-health,IN-MH-KOLHAPUR,health,"Health works, Kolhapur (synthetic)",1248,funded,SYNTHETIC placeholder - replace with state budget / PM Gati Shakti extracts,true
PP-IN-MH-LATUR-water,IN-MH-LATUR,water,"Water works, Latur (synthetic)",150,funded,SYNTHETIC placeholder - replace with state budget / PM Gati Shakti extracts,true
PP-IN-MH-LATUR-education,IN-MH-LATUR,education,"Education works, Latur (synthetic)",331,delayed,SYNTHETIC placeholder - replace with state budget / PM Gati Shakti extracts,true
PP-IN-MH-MUMBAI_CITY-sanitation,IN-MH-MUMBAI_CITY,sanitation,"Sanitation works, Mumbai City (synthetic)",318,funded,SYNTHETIC placeholder - replace with state budget / PM Gati Shakti extracts,true
PP-IN-MH-MUMBAI_SUBURBAN-education,IN-MH-MUMBAI_SUBURBAN,education,"Education works, Mumbai Suburban (synthetic)",248,delayed,SYNTHETIC placeholder - replace with state budget / PM Gati Shakti extracts,true
PP-IN-MH-NAGPUR-sanitation,IN-MH-NAGPUR,sanitation,"Sanitation works, Nagpur (synthetic)",1588,funded,SYNTHETIC placeholder - replace with state budget / PM Gati Shakti extracts,true
PP-IN-MH-NAGPUR-roads,IN-MH-NAGPUR,roads,"Roads works, Nagpur (synthetic)",181,funded,SYNTHETIC placeholder - replace with state budget / PM Gati Shakti extracts,true
PP-IN-MH-NAGPUR-waste,IN-MH-NAGPUR,waste,"Waste works, Nagpur (synthetic)",1435,delayed,SYNTHETIC placeholder - replace with state budget / PM Gati Shakti extracts,true
PP-IN-MH-NANDED-education,IN-MH-NANDED,education,"Education works, Nanded (synthetic)",1456,funded,SYNTHETIC placeholder - replace with state budget / PM Gati Shakti extracts,true
PP-IN-MH-NANDED-electricity,IN-MH-NANDED,electricity,"Electricity works, Nanded (synthetic)",1610,delayed,SYNTHETIC placeholder - replace with state budget / PM Gati Shakti extracts,true
PP-IN-MH-NANDED-waste,IN-MH-NANDED,waste,"Waste works, Nanded (synthetic)",547,funded,SYNTHETIC placeholder - replace with state budget / PM Gati Shakti extracts,true
PP-IN-MH-NANDURBAR-water,IN-MH-NANDURBAR,water,"Water works, Nandurbar (synthetic)",1246,funded,SYNTHETIC placeholder - replace with state budget / PM Gati Shakti extracts,true
PP-IN-MH-NANDURBAR-sanitation,IN-MH-NANDURBAR,sanitation,"Sanitation works, Nandurbar (synthetic)",325,delayed,SYNTHETIC placeholder - replace with state budget / PM Gati Shakti extracts,true
PP-IN-MH-NANDURBAR-roads,IN-MH-NANDURBAR,roads,"Roads works, Nandurbar (synthetic)",1338,funded,SYNTHETIC placeholder - replace with state budget / PM Gati Shakti extracts,true
PP-IN-MH-NANDURBAR-health,IN-MH-NANDURBAR,health,"Health works, Nandurbar (synthetic)",799,delayed,SYNTHETIC placeholder - replace with state budget / PM Gati Shakti extracts,true
PP-IN-MH-NANDURBAR-education,IN-MH-NANDURBAR,education,"Education works, Nandurbar (synthetic)",462,funded,SYNTHETIC placeholder - replace with state budget / PM Gati Shakti extracts,true
PP-IN-MH-NANDURBAR-waste,IN-MH-NANDURBAR,waste,"Waste works, Nandurbar (synthetic)",1894,funded,SYNTHETIC placeholder - replace with state budget / PM Gati Shakti extracts,true
PP-IN-MH-NASHIK-sanitation,IN-MH-NASHIK,sanitation,"Sanitation works, Nashik (synthetic)",1148,delayed,SYNTHETIC placeholder - replace with state budget / PM Gati Shakti extracts,true
PP-IN-MH-NASHIK-health,IN-MH-NASHIK,health,"Health works, Nashik (synthetic)",649,delayed,SYNTHETIC placeholder - replace with state budget / PM Gati Shakti extracts,true
PP-IN-MH-NASHIK-electricity,IN-MH-NASHIK,electricity,"Electricity works, Nashik (synthetic)",1496,delayed,SYNTHETIC placeholder - replace with state budget / PM Gati Shakti extracts,true
PP-IN-MH-OSMANABAD-water,IN-MH-OSMANABAD,water,"Water works, Osmanabad (synthetic)",694,funded,SYNTHETIC placeholder - replace with state budget / PM Gati Shakti extracts,true
PP-IN-MH-OSMANABAD-roads,IN-MH-OSMANABAD,roads,"Roads works, Osmanabad (synthetic)",774,delayed,SYNTHETIC placeholder - replace with state budget / PM Gati Shakti extracts,true
PP-IN-MH-OSMANABAD-health,IN-MH-OSMANABAD,health,"Health works, Osmanabad (synthetic)",264,delayed,SYNTHETIC placeholder - replace with state budget / PM Gati Shakti extracts,true
PP-IN-MH-OSMANABAD-waste,IN-MH-OSMANABAD,waste,"Waste works, Osmanabad (synthetic)",773,delayed,SYNTHETIC placeholder - replace with state budget / PM Gati Shakti extracts,true
PP-IN-MH-PARBHANI-water,IN-MH-PARBHANI,water,"Water works, Parbhani (synthetic)",1650,funded,SYNTHETIC placeholder - replace with state budget / PM Gati Shakti extracts,true
PP-IN-MH-PARBHANI-roads,IN-MH-PARBHANI,roads,"Roads works, Parbhani (synthetic)",1711,funded,SYNTHETIC placeholder - replace with state budget / PM Gati Shakti extracts,true
PP-IN-MH-PARBHANI-waste,IN-MH-PARBHANI,waste,"Waste works, Parbhani (synthetic)",1330,funded,SYNTHETIC placeholder - replace with state budget / PM Gati Shakti extracts,true
PP-IN-MH-PUNE-water,IN-MH-PUNE,water,"Water works, Pune (synthetic)",1504,delayed,SYNTHETIC placeholder - replace with state budget / PM Gati Shakti extracts,true
PP-IN-MH-PUNE-sanitation,IN-MH-PUNE,sanitation,"Sanitation works, Pune (synthetic)",618,funded,SYNTHETIC placeholder - replace with state budget / PM Gati Shakti extracts,true
PP-IN-MH-PUNE-electricity,IN-MH-PUNE,electricity,"Electricity works, Pune (synthetic)",1080,funded,SYNTHETIC placeholder - replace with state budget / PM Gati Shakti extracts,true
PP-IN-MH-RATNAGIRI-water,IN-MH-RATNAGIRI,water,"Water works, Ratnagiri (synthetic)",159,funded,SYNTHETIC placeholder - replace with state budget / PM Gati Shakti extracts,true
PP-IN-MH-RATNAGIRI-sanitation,IN-MH-RATNAGIRI,sanitation,"Sanitation works, Ratnagiri (synthetic)",609,funded,SYNTHETIC placeholder - replace with state budget / PM Gati Shakti extracts,true
PP-IN-MH-SANGLI-water,IN-MH-SANGLI,water,"Water works, Sangli (synthetic)",783,delayed,SYNTHETIC placeholder - replace with state budget / PM Gati Shakti extracts,true
PP-IN-MH-SANGLI-education,IN-MH-SANGLI,education,"Education works, Sangli (synthetic)",1566,delayed,SYNTHETIC placeholder - replace with state budget / PM Gati Shakti extracts,true
PP-IN-MH-SATARA-sanitation,IN-MH-SATARA,sanitation,"Sanitation works, Satara (synthetic)",420,delayed,SYNTHETIC placeholder - replace with state budget / PM Gati Shakti extracts,true
PP-IN-MH-SINDHUDURG-sanitation,IN-MH-SINDHUDURG,sanitation,"Sanitation works, Sindhudurg (synthetic)",1372,funded,SYNTHETIC placeholder - replace with state budget / PM Gati Shakti extracts,true
PP-IN-MH-SINDHUDURG-roads,IN-MH-SINDHUDURG,roads,"Roads works, Sindhudurg (synthetic)",1320,funded,SYNTHETIC placeholder - replace with state budget / PM Gati Shakti extracts,true
PP-IN-MH-SINDHUDURG-health,IN-MH-SINDHUDURG,health,"Health works, Sindhudurg (synthetic)",470,funded,SYNTHETIC placeholder - replace with state budget / PM Gati Shakti extracts,true
PP-IN-MH-SINDHUDURG-education,IN-MH-SINDHUDURG,education,"Education works, Sindhudurg (synthetic)",104,funded,SYNTHETIC placeholder - replace with state budget / PM Gati Shakti extracts,true
PP-IN-MH-SINDHUDURG-electricity,IN-MH-SINDHUDURG,electricity,"Electricity works, Sindhudurg (synthetic)",1096,funded,SYNTHETIC placeholder - replace with state budget / PM Gati Shakti extracts,true
PP-IN-MH-SINDHUDURG-waste,IN-MH-SINDHUDURG,waste,"Waste works, Sindhudurg (synthetic)",1355,funded,SYNTHETIC placeholder - replace with state budget / PM Gati Shakti extracts,true
PP-IN-MH-SOLAPUR-sanitation,IN-MH-SOLAPUR,sanitation,"Sanitation works, Solapur (synthetic)",497,delayed,SYNTHETIC placeholder - replace with state budget / PM Gati Shakti extracts,true
PP-IN-MH-SOLAPUR-health,IN-MH-SOLAPUR,health,"Health works, Solapur (synthetic)",205,funded,SYNTHETIC placeholder - replace with state budget / PM Gati Shakti extracts,true
PP-IN-MH-SOLAPUR-education,IN-MH-SOLAPUR,education,"Education works, Solapur (synthetic)",267,funded,SYNTHETIC placeholder - replace with state budget / PM Gati Shakti extracts,true
PP-IN-MH-SOLAPUR-electricity,IN-MH-SOLAPUR,electricity,"Electricity works, Solapur (synthetic)",1766,funded,SYNTHETIC placeholder - replace with state budget / PM Gati Shakti extracts,true
PP-IN-MH-SOLAPUR-waste,IN-MH-SOLAPUR,waste,"Waste works, Solapur (synthetic)",1075,funded,SYNTHETIC placeholder - replace with state budget / PM Gati Shakti extracts,true
PP-IN-MH-THANE-water,IN-MH-THANE,water,"Water works, Thane (synthetic)",1178,funded,SYNTHETIC placeholder - replace with state budget / PM Gati Shakti extracts,true
PP-IN-MH-THANE-sanitation,IN-MH-THANE,sanitation,"Sanitation works, Thane (synthetic)",1724,funded,SYNTHETIC placeholder - replace with state budget / PM Gati Shakti extracts,true
PP-IN-MH-THANE-education,IN-MH-THANE,education,"Education works, Thane (synthetic)",1193,delayed,SYNTHETIC placeholder - replace with state budget / PM Gati Shakti extracts,true
PP-IN-MH-WARDHA-water,IN-MH-WARDHA,water,"Water works, Wardha (synthetic)",151,funded,SYNTHETIC placeholder - replace with state budget / PM Gati Shakti extracts,true
PP-IN-MH-WASHIM-health,IN-MH-WASHIM,health,"Health works, Washim (synthetic)",1648,funded,SYNTHETIC placeholder - replace with state budget / PM Gati Shakti extracts,true
PP-IN-MH-WASHIM-education,IN-MH-WASHIM,education,"Education works, Washim (synthetic)",685,delayed,SYNTHETIC placeholder - replace with state budget / PM Gati Shakti extracts,true
PP-IN-MH-YAVATMAL-water,IN-MH-YAVATMAL,water,"Water works, Yavatmal (synthetic)",1392,delayed,SYNTHETIC placeholder - replace with state budget / PM Gati Shakti extracts,true
PP-IN-MH-YAVATMAL-sanitation,IN-MH-YAVATMAL,sanitation,"Sanitation works, Yavatmal (synthetic)",282,funded,SYNTHETIC placeholder - replace with state budget / PM Gati Shakti extracts,true
PP-IN-MH-YAVATMAL-roads,IN-MH-YAVATMAL,roads,"Roads works, Yavatmal (synthetic)",263,delayed,SYNTHETIC placeholder - replace with state budget / PM Gati Shakti extracts,true
PP-IN-MH-YAVATMAL-education,IN-MH-YAVATMAL,education,"Education works, Yavatmal (synthetic)",1374,funded,SYNTHETIC placeholder - replace with state budget / PM Gati Shakti extracts,true
