admin_code,lat,lon,population
RU-TY-KYZYL_CITY,51.7151,94.4321,73992
RU-TY-KYZYL_CITY,51.6987,94.5107,14829
RU-TY-KYZYL_CITY,51.6713,94.3739,5445
RU-TY-KYZYL_CITY,51.6761,94.3044,1706
RU-TY-KYZYL_CITY,51.7092,94.3573,488
RU-TY-KYZYL_CITY,51.7042,94.6150,396
RU-TY-AK_DOVURAK,51.1745,90.5839,11489
RU-TY-AK_DOVURAK,51.1992,90.6323,125
RU-TY-AK_DOVURAK,51.1793,90.6617,18
RU-TY-AK_DOVURAK,51.2030,90.5540,15
RU-TY-AK_DOVURAK,51.1771,90.5401,0
RU-TY-KYZYL_KOZHUUN,51.7141,94.5405,15446
RU-TY-KYZYL_KOZHUUN,51.6955,94.6202,6069
RU-TY-KYZYL_KOZHUUN,51.6817,94.2692,5259
RU-TY-KYZYL_KOZHUUN,51.7282,94.4691,3363
RU-TY-KYZYL_KOZHUUN,51.6332,94.2181,1675
RU-TY-KYZYL_KOZHUUN,51.7616,94.5000,964
RU-TY-BAI_TAIGA,51.0268,90.2289,6188
RU-TY-BAI_TAIGA,50.9131,90.3069,1441
RU-TY-BAI_TAIGA,50.9769,90.1728,1251
RU-TY-BAI_TAIGA,51.0338,90.1331,589
RU-TY-BAI_TAIGA,50.9338,90.0211,375
RU-TY-BAI_TAIGA,50.8531,90.3399,227
RU-TY-BARUN_KHEMCHIK,51.1485,90.5955,11029
RU-TY-BARUN_KHEMCHIK,51.1121,90.5330,1260
RU-TY-BARUN_KHEMCHIK,51.1534,90.6863,429
RU-TY-BARUN_KHEMCHIK,50.9836,90.8022,270
RU-TY-BARUN_KHEMCHIK,51.1193,90.4372,264
RU-TY-BARUN_KHEMCHIK,51.2204,90.6566,166
RU-TY-CHAA_KHOL,51.4985,92.3486,5130
RU-TY-CHAA_KHOL,51.4016,92.2324,524
RU-TY-CHAA_KHOL,51.4501,92.2904,233
RU-TY-CHAA_KHOL,51.5072,92.2533,144
RU-TY-CHAA_KHOL,51.5918,91.9317,19
RU-TY-CHAA_KHOL,51.7442,92.5456,13
RU-TY-CHEDI_KHOL,51.1489,93.7203,3677
RU-TY-CHEDI_KHOL,51.3400,93.9497,1972
RU-TY-CHEDI_KHOL,51.1779,93.4391,706
RU-TY-CHEDI_KHOL,51.1013,93.6616,619
RU-TY-CHEDI_KHOL,51.2917,93.8969,156
RU-TY-CHEDI_KHOL,51.0821,93.3221,32
RU-TY-DZUN_KHEMCHIK,51.2972,91.5826,14341
RU-TY-DZUN_KHEMCHIK,51.3624,91.4490,1626
RU-TY-DZUN_KHEMCHIK,51.1813,91.0291,1204
RU-TY-DZUN_KHEMCHIK,51.0750,91.0108,783
RU-TY-DZUN_KHEMCHIK,51.1581,91.3154,385
RU-TY-DZUN_KHEMCHIK,51.5648,91.5854,292
RU-TY-ERZIN,50.2899,95.1708,3409
RU-TY-ERZIN,50.1894,95.5650,1465
RU-TY-ERZIN,50.2429,95.1123,1351
RU-TY-ERZIN,50.3153,95.4109,773
RU-TY-ERZIN,50.2323,95.2030,452
RU-TY-ERZIN,50.3004,95.0799,257
RU-TY-KAA_KHEM,51.4829,95.5270,6704
RU-TY-KAA_KHEM,51.6532,94.9950,953
RU-TY-KAA_KHEM,51.1132,95.4769,732
RU-TY-KAA_KHEM,51.5738,95.2151,615
RU-TY-KAA_KHEM,51.4716,95.6197,568
RU-TY-KAA_KHEM,51.6640,94.9014,391
RU-TY-MONGUN_TAIGA,50.3655,90.4143,4819
RU-TY-MONGUN_TAIGA,50.0282,89.8399,570
RU-TY-MONGUN_TAIGA,50.0785,89.8947,27
RU-TY-MONGUN_TAIGA,49.9777,89.8772,26
RU-TY-MONGUN_TAIGA,50.5038,90.6727,21
RU-TY-MONGUN_TAIGA,50.3585,90.5087,14
RU-TY-OVYUR,50.5126,91.2977,2540
RU-TY-OVYUR,50.7229,92.0536,2143
RU-TY-OVYUR,50.7181,93.1957,931
RU-TY-OVYUR,50.7667,92.1086,479
RU-TY-OVYUR,50.8190,92.7816,188
RU-TY-OVYUR,50.8207,92.6928,122
RU-TY-PIY_KHEM,52.1500,93.9036,7926
RU-TY-PIY_KHEM,51.7382,94.4024,5045
RU-TY-PIY_KHEM,51.7353,94.3362,1658
RU-TY-PIY_KHEM,51.8254,94.4455,1175
RU-TY-PIY_KHEM,52.0753,93.5928,724
RU-TY-PIY_KHEM,52.0824,94.0342,440
RU-TY-SUT_KHOL,51.3783,91.2575,3765
RU-TY-SUT_KHOL,51.4274,91.3149,1404
RU-TY-SUT_KHOL,51.3005,90.9477,1071
RU-TY-SUT_KHOL,51.3861,91.1617,514
RU-TY-SUT_KHOL,51.4768,91.3705,378
RU-TY-SUT_KHOL,51.3369,91.1045,171
RU-TY-TANDY,51.1734,94.4915,3782
RU-TY-TANDY,50.9843,95.2060,3248
RU-TY-TANDY,50.9951,95.1138,2247
RU-TY-TANDY,51.3291,94.0496,1284
RU-TY-TANDY,51.1160,94.5252,387
RU-TY-TANDY,50.9734,95.2981,379
RU-TY-TERE_KHOL,50.5780,97.5364,904
RU-TY-TERE_KHOL,50.3414,96.9087,669
RU-TY-TERE_KHOL,50.3295,96.9982,296
RU-TY-TERE_KHOL,50.5982,97.7752,114
RU-TY-TERE_KHOL,50.6934,97.4780,20
RU-TY-TERE_KHOL,50.4226,98.2613,19
RU-TY-TES_KHEM,50.5775,95.0084,5374
RU-TY-TES_KHEM,50.6615,93.7531,1276
RU-TY-TES_KHEM,50.6498,95.3092,487
RU-TY-TES_KHEM,50.4881,94.3788,330
RU-TY-TES_KHEM,50.6350,94.9757,223
RU-TY-TES_KHEM,50.5985,94.8253,157
RU-TY-TODZHA,52.4848,96.0931,4758
RU-TY-TODZHA,53.4329,96.6185,664
RU-TY-TODZHA,52.6930,95.7106,393
RU-TY-TODZHA,52.5424,96.0606,206
RU-TY-TODZHA,51.6961,97.2145,153
RU-TY-TODZHA,52.4608,96.2816,104
RU-TY-ULUG_KHEM,51.5499,92.9412,13306
RU-TY-ULUG_KHEM,51.3483,92.8019,1269
RU-TY-ULUG_KHEM,51.5313,93.1309,1075
RU-TY-ULUG_KHEM,51.5886,93.0949,633
RU-TY-ULUG_KHEM,51.5792,93.1898,571
RU-TY-ULUG_KHEM,51.3965,92.8603,547
