admin_code,district_name,population,poverty,aspirational,need_water,need_sanitation,need_roads,need_health,need_education,need_electricity,need_waste,need_other,placeholder_metrics,synthetic
RU-TY-KYZYL_CITY,Kyzyl,97596,0.0321,false,0.0734,0.0601,0.3701,0.0973,0.0915,0.0521,0.0283,0.0321,poverty_rate;central_water_supply;sewerage_share;road_substandard_share;medical_post_gap;school_repair_need;grid_outage_share;waste_collection_coverage,true
RU-TY-AK_DOVURAK,Ak-Dovurak,11647,0.1408,false,0.2937,0.3396,0.4918,0.1780,0.1621,0.0992,0.2273,0.1408,poverty_rate;central_water_supply;sewerage_share;road_substandard_share;medical_post_gap;school_repair_need;grid_outage_share;waste_collection_coverage,true
RU-TY-KYZYL_KOZHUUN,Kyzyl kozhuun,37276,0.1041,false,0.2481,0.3076,0.4771,0.1716,0.1250,0.1203,0.2333,0.1041,poverty_rate;central_water_supply;sewerage_share;road_substandard_share;medical_post_gap;school_repair_need;grid_outage_share;waste_collection_coverage,true
RU-TY-BAI_TAIGA,Bai-Taiga kozhuun,10420,0.2758,false,0.4629,0.5391,0.5928,0.2810,0.2587,0.2003,0.2912,0.2758,poverty_rate;central_water_supply;sewerage_share;road_substandard_share;medical_post_gap;school_repair_need;grid_outage_share;waste_collection_coverage,true
RU-TY-BARUN_KHEMCHIK,Barun-Khemchik kozhuun,14366,0.2086,false,0.3132,0.3408,0.4985,0.1935,0.1925,0.1250,0.2343,0.2086,poverty_rate;central_water_supply;sewerage_share;road_substandard_share;medical_post_gap;school_repair_need;grid_outage_share;waste_collection_coverage,true
RU-TY-CHAA_KHOL,Chaa-Khol kozhuun,6142,0.2412,false,0.3565,0.4974,0.6046,0.2741,0.2912,0.1242,0.3171,0.2412,poverty_rate;central_water_supply;sewerage_share;road_substandard_share;medical_post_gap;school_repair_need;grid_outage_share;waste_collection_coverage,true
RU-TY-CHEDI_KHOL,Chedi-Khol kozhuun,7226,0.1741,false,0.2615,0.3549,0.4784,0.1934,0.1018,0.1383,0.1897,0.1741,poverty_rate;central_water_supply;sewerage_share;road_substandard_share;medical_post_gap;school_repair_need;grid_outage_share;waste_collection_coverage,true
RU-TY-DZUN_KHEMCHIK,Dzun-Khemchik kozhuun,20149,0.1530,false,0.2608,0.3507,0.4781,0.1671,0.1625,0.0840,0.2000,0.1530,poverty_rate;central_water_supply;sewerage_share;road_substandard_share;medical_post_gap;school_repair_need;grid_outage_share;waste_collection_coverage,true
RU-TY-ERZIN,Erzin kozhuun,8458,0.2635,false,0.3026,0.4499,0.5251,0.2772,0.2558,0.1728,0.2275,0.2635,poverty_rate;central_water_supply;sewerage_share;road_substandard_share;medical_post_gap;school_repair_need;grid_outage_share;waste_collection_coverage,true
RU-TY-KAA_KHEM,Kaa-Khem kozhuun,12165,0.2035,false,0.1761,0.3273,0.4354,0.1730,0.1957,0.1126,0.1302,0.2035,poverty_rate;central_water_supply;sewerage_share;road_substandard_share;medical_post_gap;school_repair_need;grid_outage_share;waste_collection_coverage,true
RU-TY-MONGUN_TAIGA,Mongun-Taiga kozhuun,5559,0.2517,false,0.4540,0.5064,0.5925,0.3161,0.2809,0.2385,0.3203,0.2517,poverty_rate;central_water_supply;sewerage_share;road_substandard_share;medical_post_gap;school_repair_need;grid_outage_share;waste_collection_coverage,true
RU-TY-OVYUR,Ovyur kozhuun,6902,0.2312,false,0.3891,0.5072,0.5948,0.3065,0.2626,0.1424,0.2239,0.2312,poverty_rate;central_water_supply;sewerage_share;road_substandard_share;medical_post_gap;school_repair_need;grid_outage_share;waste_collection_coverage,true
RU-TY-PIY_KHEM,Piy-Khem kozhuun,18271,0.1571,false,0.2338,0.3649,0.4356,0.1609,0.1838,0.0959,0.1895,0.1571,poverty_rate;central_water_supply;sewerage_share;road_substandard_share;medical_post_gap;school_repair_need;grid_outage_share;waste_collection_coverage,true
RU-TY-SUT_KHOL,Sut-Khol kozhuun,7615,0.2713,false,0.4749,0.5918,0.6887,0.3407,0.3028,0.1913,0.3200,0.2713,poverty_rate;central_water_supply;sewerage_share;road_substandard_share;medical_post_gap;school_repair_need;grid_outage_share;waste_collection_coverage,true
RU-TY-TANDY,Tandy kozhuun,13362,0.1309,false,0.2917,0.3465,0.4349,0.1582,0.1518,0.0920,0.1414,0.1309,poverty_rate;central_water_supply;sewerage_share;road_substandard_share;medical_post_gap;school_repair_need;grid_outage_share;waste_collection_coverage,true
RU-TY-TERE_KHOL,Tere-Khol kozhuun,2131,0.2188,false,0.4234,0.5361,0.6239,0.3550,0.2415,0.1469,0.3503,0.2188,poverty_rate;central_water_supply;sewerage_share;road_substandard_share;medical_post_gap;school_repair_need;grid_outage_share;waste_collection_coverage,true
RU-TY-TES_KHEM,Tes-Khem kozhuun,8577,0.2750,false,0.4123,0.6528,0.6094,0.2888,0.3028,0.1793,0.3157,0.2750,poverty_rate;central_water_supply;sewerage_share;road_substandard_share;medical_post_gap;school_repair_need;grid_outage_share;waste_collection_coverage,true
RU-TY-TODZHA,Todzha kozhuun,6752,0.2287,false,0.4195,0.4871,0.5703,0.3204,0.2676,0.1777,0.2921,0.2287,poverty_rate;central_water_supply;sewerage_share;road_substandard_share;medical_post_gap;school_repair_need;grid_outage_share;waste_collection_coverage,true
RU-TY-ULUG_KHEM,Ulug-Khem kozhuun,19516,0.1733,false,0.3150,0.4184,0.5711,0.2206,0.1942,0.0713,0.2393,0.1733,poverty_rate;central_water_supply;sewerage_share;road_substandard_share;medical_post_gap;school_repair_need;grid_outage_share;waste_collection_coverage,true
